Farm.Name,Correct.Farm.Name
"
Cascadia Greens",Cascadia Greens
?,Unknown
21 acres,21 Acres
21 Acres,Alki Farms
Alki Farm,Alki Farms
Alki Farms,Alki Market Garden
Alki Market Garden,Ayeko Farm
Ayeko Farm,Ayeko Farm
Ayeko Farms,Black Farmers Collective
Black Farmers Collective,Black Star Farmers
Black Star Farmers,Black Star Farmers
Carnation Farms,Carnation Farms
Carpinito,Carpinto
Carpinto,Carpinto
Caruso Farm,Caruso Farm
Cascadia Produce,Cascadia Produce (Distributor)
Cascadia Produce (Distributor),Cascadia Produce (Distributor)
Clean Greens,Clean Greens
Ecolibrium Farms,Ecolibrium Farm
Ecolibrium LLC.,Ecolibrium Farm
Faith Beyond Farm,Faith Beyond Farm
Faith Beyond Farms,Faith Beyond Farm
Faith Beyone Farm,Faith Beyond Farm
faithbeyond Farm,Faith Beyond Farm
Faithbeyond Farm,Faith Beyond Farm
FaithBeyond Farm,Faith Beyond Farm
Faithbeyond Farms,Faith Beyond Farm
Faithbeyone Farm,Faith Beyond Farm
Fall City Farms,Fall City Farms
Farmstand Local,Farmstand Local Foods (distributor)
Farmstand Local Foods,Farmstand Local Foods (distributor)
Flying Tomato Farm,Flying Tomato Farm
Forest Garden Farm,Forest Garden Farm
Frisky Girl,Frisky Girl Farm
Full Circle,Full Circle
Gracie's Greens,Gracie's Greens
GreenMan Farm,GreenMan Farm
Hand-Grown Greens,Hand-Grown Greens
High & Dry Farm,High & Dry Farm
Hima Farms,Hima Farms
Jon the Farmer,Jon the Farmer
Kamayan,Kamayan Farm
Kamayan Farm,Kamayan Farm
Lee's Fresh Produce,Lee's Fresh Produce
Lee's Produce,Lee's Fresh Produce
Lee Lor Garden,Lee Lor Garden
Lily's Fields,Lily Fields
Lily Fields,Lily Fields
Linda Kozak,Linda Kozak
Local Roods,Local Roots Farm
Local Roots,Local Roots Farm
Local Roots Farm,Local Roots Farm
Lowlands Farm,Lowlands Farm
Matsuda Farm,Matsuda Farm
Mosby,Mosby
Mount Si Fungi,Mount Si Fungi
Namuna Garden,Namuna Garden
"Namuna Garden, Krishna",Namuna Garden
Namuna Gardens,Namuna Garden
Namuna Growers,Namuna Garden
"New Roots Farm Program, Beatrice",New Roots Farm Program
"New Roots Farm Program, Pabi",New Roots Farm Program
Nick Provo Farms,Provo Farms
Northbourne Farm,Northbourne Farm
NW Farms,NW Farms
Orange Star Farm,Orange Star Farm
Oxbow,Oxbow Farm
Oxbow Farm,Oxbow Farm
Oxbow Farm &Conservation Center,Oxbow Farm
Oxbow Farms,Oxbow Farm
Plum Forest Farm,Plum Forest Farm
Provo Farms,Provo Farms
Radicle Roots Farm,Radicle Roots Farm
Rain Dog Farm,Rain Dog Farm
Rain Dog Farms,Rain Dog Farm
RainDog Farm,Rain Dog Farm
Red Barn Organic Farms,Red Barn Organic Farms
Regeneration Farm,Regeneration Farm
Rising Sign,Rising Sign Farm
Rising Sign Farm,Rising Sign Farm
Rising Star Farm,Rising Sign Farm
Rockridge Orchards,Rockridge Orchards
Sacred Gorilla Farm,Sacred Gorilla Farm
Sales & Distribution facility in KC,Sales & Distribution facility in KC
Sariwa Farms,Sariwa Farms
Skylight Farms,Skylight Farms
Small Blessing Farm,Small Blessings Farm
Small Blessing Farms,Small Blessings Farm
Small Blessings Farm,Small Blessings Farm
Small Blessings Farms,Small Blessings Farm
Sno-Valley Mushrooms,Sno-Valley Mushrooms
Sno Valley,Sno-Valley Mushrooms
SnoValley Gardens,SnoValley Gardens
SnoValley Mushrooms,Sno-Valley Mushrooms
Songbird Haven,Songbird Haven
Sound Sustainable Farm,Sound Sustainable Farms
Sound Sustainable Farms,Sound Sustainable Farms
Sound Sustainble Farms,Sound Sustainable Farms
Sound Vegetables,Sound Vegetables
Steel Wheel,Steel Wheel Farm
Steel Wheel farm,Steel Wheel Farm
Steel Wheel Farm,Steel Wheel Farm
Steel Wheel Farms,Steel Wheel Farm
Stella Maris Farm,Stella Maris Farm
Summer Run Farm,Summer Run Farm
Sun Island Farm,Sun Island Farm
Tangled Willows Farm,Tangled Willows Farm
Terrbonne Truck Patch,Terrebonne Truck Patch
Terrebonne Truck Patch,Terrebonne Truck Patch
The Common Acre,The Common Acre
Tonnemaker,Tonnemaker
Tonnemaker Hill Farm*,Tonnemaker
Tualco Valley Farm,Tualco Valley Farm
Vashon-Maury Island Land Trust,Matsuda Farm
Wild Canary,Wild Canary Farm
Windy Acre Farm,Windy Acre Farm
